{"cameraMode":{"drawMode":0,"name":"Shaded","section":"Shading Mode"},"sceneLighting":true,"audioPlay":false,"sceneViewState":{"showFog":true,"showMaterialUpdate":false,"showSkybox":true,"showFlares":true,"showImageEffects":true,"showParticleSystems":true},"in2DMode":false,"pivot":{"x":-13.101356506347657,"y":1.2616279125213624,"z":5.969486713409424},"rotation":{"x":0.10252978652715683,"y":0.8342134356498718,"z":-0.16581442952156068,"w":0.515833854675293},"size":1.7962775230407715,"orthographic":false}