{"cameraMode":{"drawMode":0,"name":"Shaded","section":"Shading Mode"},"sceneLighting":false,"audioPlay":false,"sceneViewState":{"showFog":true,"showMaterialUpdate":false,"showSkybox":false,"showFlares":true,"showImageEffects":true,"showParticleSystems":true},"in2DMode":false,"pivot":{"x":-12.017969131469727,"y":1.8548749685287476,"z":6.594154357910156},"rotation":{"x":0.0826578438282013,"y":0.881753146648407,"z":-0.16839934885501862,"w":0.43280908465385439},"size":2.8570854663848879,"orthographic":false}